{"cameraMode":{"drawMode":0,"name":"Shaded","section":"Shading Mode"},"sceneLighting":true,"audioPlay":false,"sceneViewState":{"showFog":true,"showMaterialUpdate":false,"showSkybox":true,"showFlares":true,"showImageEffects":true,"showParticleSystems":true},"in2DMode":false,"pivot":{"x":1.6343460083007813,"y":-3.608323097229004,"z":6.247797012329102},"rotation":{"x":-0.353906512260437,"y":0.017392579466104509,"z":-0.0065823569893836979,"w":-0.9350959062576294},"size":17.964378356933595,"orthographic":false}